{
  "version": 1,
  "author": "Anonymous maker",
  "editor": "wokwi",
  "parts": [
    { "type": "wokwi-arduino-uno", "id": "uno", "top": 0, "left": 0, "attrs": {} },
    {
      "type": "wokwi-pushbutton",
      "id": "btn1",
      "top": 38.3,
      "left": 301.1,
      "attrs": { "color": "green", "xray": "1", "bounce": "0" }
    }
  ],
  "connections": [
    [ "btn1:1.l", "uno:7", "green", [ "v-70.5", "h-112.1" ] ],
    [ "btn1:2.l", "uno:GND.3", "green", [ "h-3.5", "v150.5", "h-115.2" ] ]
  ],
  "dependencies": {}
}